Country,2000,2001,2002,2003,2004,2005,2006,2007,2008,2009,2010,2011,2012,2013,2014,2015,2016,2017
Afghanistan,,-0.4617623709976184,7.16825958702065,-0.13101050664971736,-0.329467501523799,-0.5188701853550504,-0.26033973412112255,0.07051051329981761,-0.11526864927008096,-0.20464853997597277,0.06962083847102352,0.11746905485827908,-0.2928342080491044,-0.2840444930707513,0.5628454269923338,0.416104429451452,0.6006329478105761,0.16314249354720434
Algeria,,-0.1959334565619224,-0.2942528735632184,0.3908794788273615,-0.6182669789227166,0.834355828220859,-0.6086956521739131,1.4615384615384617,-0.9895833333333334,-1.0,,0.0,54.0,-0.8545454545454545,-1.0,,,
Angola,,,,,,,0.21676266788972676,0.4167478136508014,-0.10139844863171144,0.1418223037579318,0.06956048663359216,-0.030060551320066353,-0.08298075945210448,0.3360653218726992,0.14956537131450687,0.20458038111700882,0.37011019010184865,0.021252931736497338
Argentina,,-0.5113636363636364,-0.41860465116279066,-0.02400000000000002,-0.05737704918032782,1.1913043478260867,-0.15873015873015872,0.8254716981132075,-0.6640826873385013,-0.3384615384615385,-0.8372093023255813,-1.0,,,,,,
Armenia,,-0.43971631205673756,-0.3417721518987342,-0.4423076923076923,0.6206896551724137,-0.851063829787234,-1.0,,,,,,,,,,,
Azerbaijan,,-0.3066841415465269,-0.5217391304347826,-0.04743083003952564,-0.19917012448132776,-0.37305699481865284,-0.40909090909090906,-0.2447552447552448,-0.33333333333333337,0.08333333333333326,-0.3589743589743589,-0.92,-0.25,-1.0,,,,
Bangladesh,,-0.024874548103383187,0.148535487678914,-0.1222919911994732,0.07757895122040481,-0.18292185961218466,-0.31720039068182293,0.8220166174635541,0.41465940600674833,-0.24580233793836348,-0.12524854007170483,-0.07338070266497232,-0.8087613234697623,-0.6097363902636097,1.6438923395445135,-0.3531714956930305,-0.27557506053268765,0.02214330478378934
Belize,,-0.2180349932705249,-0.02409638554216864,-0.04409171075837748,-0.016605166051660514,0.4530956848030019,-0.4551323434473854,0.0011848341232227888,-0.36094674556213013,-0.5259259259259259,-0.4140625,-0.52,-0.5416666666666667,-0.3939393939393939,-0.050000000000000044,-0.5263157894736843,-0.5555555555555556,0.75
Benin,,,,,,,,,,,0.0,-0.5245397635108932,0.6687763613322995,0.5284420384818633,-0.032070735627538594,0.21461835697903253,0.044332505221363006,0.18767288551204309
Bhutan,,0.007919123841617415,0.08843196255432972,-0.41545077561050525,-0.2984760903836048,-0.31647940074906367,0.02356164383561654,-0.5754817987152034,-0.5851197982345524,1.9544072948328268,-0.5514403292181069,-0.555045871559633,0.0,-0.9226804123711341,0.2666666666666666,0.7894736842105263,-0.5588235294117647,0.6000000000000001
Bolivia (Plurinational State of),,-0.4990307922082049,-0.09444973041547733,0.42497898571028303,-0.2670697537236396,0.4380952380952381,-0.08007648540248113,-0.2593155893536122,-0.3327857631759069,-0.0005129257283544852,0.4132197475110335,-0.4812259423342291,0.03807923841523175,-0.015374241402562383,0.01369675386933289,-0.07120659370355353,-0.193773639802153,-0.17502706604114038
Botswana,,-0.6460513796384395,-0.5591397849462365,-0.6396341463414634,-0.6649746192893401,2.3838383838383836,2.8029850746268656,-0.846938775510204,1.376923076923077,0.1046386192017259,0.021484375,-0.5869980879541109,-0.5532407407407407,1.3626943005181347,1.9517543859649122,-0.7578008915304606,1.1963190184049082,1.6536312849162011
Brazil,,-0.36680195877314137,-0.10312565187495337,0.17408595327041088,0.1372460783690319,0.30335868078554173,-0.09338571478070912,-0.16528138985092877,-0.31157827721235276,-0.02036447017539411,0.08136339536267112,-0.20131665884364824,-0.09129090459898337,-0.30440191466398636,-0.17523184612286957,-0.00748894250100518,-0.10165016024133866,0.526059366393403
Burkina Faso,,,,,,0.16865687992988598,1.0747597843918446,-0.00042923302835196075,-0.17475025991050042,3.9988223695021086,3.4077807666810935,-0.46787787789031976,8.0117468985992,-0.02306737659426561,0.4403241028046583,0.2922991053953512,0.39394615823427337,0.045638405939818494
Burundi,,0.012723348317889016,0.04846882361424942,0.08045839981903669,0.028110756834597517,-0.09887587886459637,1.4177650062296925,0.39143724320507856,-0.20415215804742726,0.3523058691221239,0.4873602210485297,-0.1086355302994646,0.3684786439625567,0.9252629846644191,0.10718293170862814,0.1252778187907242,0.6035917550341046,-0.07298531241366091
Cabo Verde,,-0.2569444444444444,-0.28971962616822433,-0.10526315789473684,-0.3382352941176471,0.5111111111111111,0.17647058823529416,-0.775,0.9444444444444444,0.8571428571428572,-0.27692307692307694,-0.851063829787234,-0.8571428571428572,21.0,0.18181818181818188,-0.7307692307692308,5.857142857142857,7.8125
Cambodia,,-0.1415873931007975,-0.12497901158560476,0.519444799795318,-0.16165017890970323,-0.17255000418445054,0.5918763654017316,-0.4597184100843753,-0.009266663530739905,0.5334488652549616,-0.23591609257682478,0.163445173839047,-0.2951256465179458,-0.473539875481767,0.18034633253554833,0.3489980916030535,-0.3076333628057766,0.5721096543504172
Cameroon,,,,,,,,,,,,,0.0,0.7519721272679463,0.0,42.630032644178456,0.4407353386355506,-0.28891386670996333
Central African Republic,,0.17218880009577675,0.10032172403227446,-0.12059963335112434,0.2367796073464219,-0.0191171136572148,0.0,0.0,0.0,0.0,0.0,0.0,0.017096991712526988,1.4872217113283006,1.5373000859845227,1.029337011332213,0.7246277342765011,-0.628851315498991
Chad,,-0.04468785867558256,0.14746519706427774,0.028725559374502163,-0.9699081756831508,22.28529411764706,0.42588733105974486,0.06938323552209047,-0.010996520874751448,0.0,3.1972485708901317,-0.09639407726692206,-0.957432947230105,96.86835278858625,0.21133633285402853,-0.13892949043359537,0.6450982534693017,0.5156166973542751
China,,1.646355140186916,0.20167631963083288,0.11641849529780557,-0.04541785125127229,-0.19344045299113877,0.6130105762217359,-0.17180566938925468,-0.43181818181818177,-0.4422222222222222,-0.46268978141488104,-0.32525050100200403,-0.9275319275319276,-0.6475409836065573,-0.34883720930232553,-0.3035714285714286,-0.9230769230769231,-1.0
Colombia,,0.6009817768915475,-0.11381160993456818,-0.11692595990552224,-0.21394703684873673,-0.144908992484586,-0.012603902029943548,0.06966093791633354,-0.37289626504335915,-0.015044873943320991,0.48195899025798083,-0.4888552500659076,0.001231178770485064,-0.14096279433024805,-0.21138966264314452,0.16797488226059665,0.7349000336021505,-0.3607839339539275
Comoros,,0.09634515031479807,0.2562796348710854,-0.2145339623837509,-0.9851579090567422,-0.5272642535342551,2.3780808412750574,0.0,0.0,-0.7090325404932146,5.107990638582414,-0.3197219333296841,1.005149662053428,0.06653290529695033,-0.9585559485288585,-0.4098955969133,-0.18000000000000005,1.1332082551594747
Congo,,-0.23934988254713985,-0.3592354561388865,-0.7872867005340628,-0.8205756276791182,-0.7713310580204779,0.0,1539.4925373134329,0.13639754682065242,-0.20833653050958723,0.0,-0.593516773464003,2.187764942772361,-0.6406885030626916,0.5341182457438933,-0.22305987364865887,2.334957014496691,-0.25550635158018475
Costa Rica,,-0.27461415646620546,-0.2509170946441672,-0.29676787463271304,0.7952646239554317,1.7470907680372383,-0.18017509178198254,-0.5787116775749225,-0.21013900245298445,-0.7287784679089027,-0.5801526717557253,-0.9090909090909091,-0.4,-1.0,,,,2.0
CÃ´te d'Ivoire,,-0.23998726520216496,-0.36092493297587136,-0.7922128998426848,-0.8151419558359622,-0.7713310580204779,0.0,0.0,51.64179104477612,1.0946980436631697,7.490254466702762,-0.5221120428530435,37.051341072858285,1.197872748935454,0.48101340551657734,-0.09074665666172255,0.028176156667962138,-0.056565728153997186
Democratic People's Republic of Korea,,0.5861208628645869,-0.8846137784150229,-0.0024128362890577515,0.6380457129036159,-0.5823181985972683,0.14741493592576216,-0.6653315874605252,2.8230149597238205,-0.11913792065498763,-0.07599781301257513,0.23964497041420119,0.3036992840095465,-0.3406407322654462,-0.2687582425209968,-0.926625533934504,2.5174644243208277,0.6826038984920926
Democratic Republic of the Congo,,0.7068004459308808,0.13324624428478127,0.4051873198847262,0.10090237899917964,0.10692995529061111,-0.3099966341299226,360.3941463414634,1.1842485334571538,0.16097151310886426,0.2869396738710974,0.8868470249567786,0.05033273922008874,0.4014579269796841,0.4845349141793207,0.16636501436505613,0.31850153511429347,-0.010039501420698316
Djibouti,,,,,-0.9757744241461478,2.3852459016393444,3.348668280871671,-0.8830734966592427,-0.43333333333333335,21.571428571428573,-0.6239761727475801,0.0,-0.9752475247524752,66.36,4.605106888361045,0.0036020764911537384,0.45719413068721626,0.06280788177339902
Dominican Republic,,-0.15815085158150854,0.24855491329479773,0.17978395061728403,0.5402223675604971,0.6292993630573249,-0.08131352619233778,-0.23092198581560286,-0.32128365916635926,-0.10706521739130437,1.0779062690200854,-0.526654950205038,-0.4108910891089109,-0.3918067226890757,-0.20725388601036265,0.37472766884531583,0.09350237717908083,-0.5057971014492754
Ecuador,,0.041854814021123454,-0.2033552794688852,-0.39987551436771673,-0.44818976279650435,-0.4065436825617821,-0.421524926686217,-0.14184325256007302,-0.4221408317580341,-0.15763647515845436,-0.541747572815534,-0.354343220338983,-0.5537325676784249,-0.32352941176470584,-0.34239130434782605,1.553719008264463,0.9271844660194175,0.07052896725440805
Egypt,,,,,,,,,,,,,,,,-1.0,,
El Salvador,,-0.5192563081009296,-0.6767955801104972,-0.27350427350427353,0.3176470588235294,-0.4017857142857143,-0.26865671641791045,-0.18367346938775508,-0.17500000000000004,-0.3939393939393939,-0.050000000000000044,-0.5263157894736843,0.4444444444444444,-0.5384615384615384,0.0,-0.6666666666666667,5.0,-1.0
Equatorial Guinea,,,,,,,,,0.5115317321456976,0.4925812901189097,2.7939227298364355,-0.5825172356122126,-0.3248019229057242,-0.134484804535566,0.5551070150049509,-0.2583631287652447,8.755250297186633,-0.8935442815169855
Eritrea,,,-0.3744339234252779,0.7022046725896676,-0.6018751208196405,1.2027191065792668,-0.2790697674418605,1.3796055648983336,-0.43694185672984265,0.341738931994523,2.059954077727698,-0.031515757878939454,-0.37399563820018367,-0.022828329131331704,0.44335506872449226,-0.3703848153926157,0.2518583522609952,0.29833821285720186
Eswatini,,,-0.5197132616487455,-0.4895522388059701,0.6783625730994152,-0.5139372822299652,-0.4444444444444444,-0.4580645161290322,-0.30952380952380953,0.8275862068965518,1.5283018867924527,1.0485074626865671,0.023679417122040025,0.7117437722419928,-0.26091476091476096,-0.7791842475386779,1.2292993630573248,1.0685714285714285
Ethiopia,,,0.09026522961335659,0.08415713133627079,0.2481840115395313,-0.06903044373505796,-0.16914992707935173,0.009013354772432924,0.01492864351860046,1.2599305217844519,0.11760987961201019,0.2781124454648043,0.14339737865008995,0.5629731687402293,-0.1990732025580486,-0.11881924566325985,-0.07956631258037372,-0.1092607290992631
Gabon,,0.046388506199567026,0.18449414110256357,-0.07564786585365857,0.20378959664673957,0.008119871566178993,-0.5263858218673914,0.3505290214597405,-0.09925640685167969,-0.9837841822068254,20.115151515151513,0.0,0.4174081515499426,0.4672201690882398,0.10068318266510246,-0.25181818181818183,0.0020111450957389643,0.47371942295630354
Gambia,,,,,,,,,,0.2863343887243386,1.3095994283218864,1.25148470602391,0.14656807918554637,-0.1983300206749833,-0.30965729758463734,0.4460894308454,-0.36029319999001586,-0.5452352153159832
Georgia,,0.7877551020408162,0.08219178082191791,-0.33333333333333337,-0.18670886075949367,-0.39688715953307396,-0.6193548387096774,-0.5932203389830508,-0.75,-0.8333333333333334,-1.0,,,,,,,
Ghana,,,,,,0.37786392002372526,-0.2791023564593119,0.0089549078358091,1.2969984301676445,0.009033488871001305,-0.029639522985955846,-0.028346352356254934,2.6063672857883717,-0.5634145068420411,1.083570658714411,0.26464586909733034,0.0498268601795544,-0.041117118730137125
Guatemala,,-0.32801860779201286,-0.007927646270656563,-0.12416994935284187,-0.0697786487615254,0.36663788637541006,-0.2142478077379899,-0.5052905798732834,-0.5320504485762579,-0.016393442622950838,0.04293785310734455,-0.07678764897074752,-0.215784069238668,0.16236438458660674,-0.0851303508207274,0.20246262093227796,-0.290081919251024,-0.2287245003090872
Guinea,,0.2995833333333333,1.6548573260660469,5.516816617354024,-0.0449942089413945,-0.5105026729666534,0.0748235947038769,-0.17904364984232946,-0.24962936340356712,0.07292321508756183,-0.4158645127089088,3.565055406954528,2.318894259945173,-0.3339943253467844,2.1251366818614295,0.22837079885551037,0.22339296085348703,0.34589364871702344
Guinea-Bissau,,,,,,,0.03144825704345444,-0.05529100529100528,-0.20897507700924112,0.040534560580582246,3.2860423577443223,0.42846936953027326,-0.300088911116668,0.08342430678231882,0.7116920709365382,0.5231454228254007,0.06038971533775106,-0.40502176895091546
Guyana,,0.1292364060288118,-0.1927217756802596,0.26179493034939494,0.044847431860136844,0.35051617820272996,-0.45967576441617075,-0.44663881503987846,0.013641043239533301,0.15725772323317821,0.6773934030571198,0.2865053411816001,0.07286653561987388,-0.005591357088703508,-0.607547889068903,-0.19184069936862558,0.23868189102564097,0.12686989569014306
Haiti,,-0.41782564952358403,0.0,0.0,0.09809901392701037,1.0161081281244213,0.5033060887133805,-0.08900699471578244,0.23299245599329432,0.3470114754989939,0.6988593923488442,-0.5918149085594097,-0.2598835516739447,-0.17566770247413754,-0.15560433268120433,-0.006385623869801127,0.21879087755218118,-0.10709286047596822
Honduras,,-0.3124839857651246,-0.2868027661600895,-0.18347558497358185,0.2183744577970561,-0.06951091397221898,-0.25064291538606287,-0.12011383610948356,-0.2039573820395738,0.1129302103250478,0.04627939439493178,-0.22926929392446638,-0.14287616511318246,-0.156750038837968,-0.37767133382461315,0.05831853167554768,0.14517482517482527,-0.6880801172447484
India,,0.026426943729420893,-0.11712245215019634,0.015302838813465058,0.024585389025266302,-0.05157977887220333,-0.017318362253236685,-0.15471436198013677,0.015620371296954705,0.020278669387280956,0.02328767298509704,-0.18083283228728253,-0.18527515991991794,-0.17427403766912897,0.25004820069635825,0.06083804736868359,-0.07010923993873053,-0.22324137645603503
Indonesia,,0.08949074149471525,0.023173338515351638,-0.18524578787624224,0.36697239481069066,0.4341468373691528,-0.20517100632713126,-0.10301584881342474,0.12008762336067025,-0.21973994290312138,0.7092821414285242,-0.09300203536554996,-0.010955220418182643,-0.1778090512877586,-0.26635460968133506,-0.13888194518841235,0.0065660638175324415,0.19760585946440834
Iran (Islamic Republic of),,-0.020947453844593178,-0.19401129358130864,0.5144620131122253,-0.41341991341991347,0.3722596049489906,-0.16118316988294845,-0.012382927902445107,-0.46862270875763745,-0.47957839262187085,-0.5749136939010357,-0.11640498105035191,-0.5367647058823529,-0.3664021164021164,-0.25260960334029225,-0.5335195530726258,-0.5149700598802396,-0.2962962962962963
Iraq,,-0.3198924731182796,-0.2474308300395257,-0.6355042016806722,-0.5533141210374639,-0.6967741935483871,-0.4893617021276596,-0.875,-0.33333333333333337,-1.0,,,,,,,,
Kazakhstan,,,,,,,,,,,,,,,,,,
Kenya,,,,0.964337373435084,-0.2807048726607927,0.0,0.0,0.0,28.64921632307258,0.0,0.06980329871425628,0.11604941843965322,0.4494054178030624,0.6066959712302482,0.20282098209812416,-0.4663354137214478,0.8571019734801308,0.15491877065038806
Kyrgyzstan,,1.3333333333333335,96.96428571428571,-0.8293838862559242,-0.8012820512820513,1.4301075268817205,0.40265486725663724,-0.6971608832807571,-0.8125,-0.7777777777777778,-0.25,-1.0,,,,,,
Lao People's Democratic Republic,,-0.32488904403331176,-0.20889348500517058,-0.11792717086834736,-0.14348470413888004,-0.15868503985663973,0.3501285347043701,-0.05026656511805028,0.10820254324664913,-0.24153615547630125,0.4174730816409977,-0.15711538461538466,1.635295459730778,-0.17468940738496164,0.2606802863811597,-0.24994279295209165,-0.688734191258043,-0.16840417000801922
Liberia,,,,,,,15.967465181058497,-0.3534774071958131,0.23296063964637437,0.3832741304089944,0.09837287885266588,1.0774431695571223,-0.26532888740877003,-0.1159788412418159,-0.30542508559579495,0.07739144924115138,0.27929858251547124,0.0
Madagascar,,0.22919665994817162,-0.3825251815413446,0.31050834597875565,0.10551454624402945,-0.11586802827965437,-0.15755960313934547,7.524696783265952,0.9224694310988308,1.3072055258811162,-0.05885360978104226,0.10890590269202272,0.6009942182112982,0.07283401035000825,-0.01980041390256171,0.9687191603410916,-0.3611999951619601,0.6844212373220457
Malawi,,,,,,,,,,,,,4.1395374040637245,-0.18153029040552493,1.2681927906490165,0.26018841362883816,0.3185083843224614,0.015323241025708922
Malaysia,,0.005903187721369552,-0.13779342723004695,-0.4248116889009892,-0.02903124013884506,-0.09506012349691262,-0.04938049919195542,-0.2353607857952399,0.49975296442687744,-0.019107231098665745,-0.12779177162048694,-0.23873700423565658,-0.07384926656550328,-0.20234844347351177,0.07737076343717897,-0.92310136638068,0.09917355371900816,-0.6804511278195489
Mali,,,,,,,,,,,,0.3497111859399864,1.8872343543895647,0.5422964030854547,0.49197348191729473,0.12538060340622592,-0.06069364539549604,-0.11033158000669674
Mauritania,,,,,,,,0.0,-0.7153628652214892,2.1125827814569536,5.773404255319149,-0.05905449976441024,0.5084293106326156,0.4479362620338607,0.21016431027894544,0.42917587622355535,0.01816092969820149,-0.12746289384602028
Mauritius,,,,,,,,,,,,,,,,,,
Mexico,,-0.3239512855209743,-0.07445956765412332,-0.1740916955017301,-0.10814349306101079,-0.12889019377569,-0.15267947421638017,-0.06085918854415273,-0.0016941973739941218,0.1467967755621553,-0.5464298927118016,-0.0831973898858075,-0.25889679715302494,-0.40576230492196874,0.32525252525252535,-0.21189024390243905,0.06576402321083163,0.33575317604355726
Morocco,,-1.0,,-0.7894736842105263,-0.75,-1.0,,,,,,-1.0,,,,,,
Mozambique,,,,,,,,,-0.151090969413326,-0.2194014585186972,15.219368515243836,0.1538818726409239,0.03250659979030934,0.6531976026249404,1.373440164541758,0.08445683180736108,0.10384980428259283,0.04702902782694096
Myanmar,,0.419867924685426,0.015213897784190245,0.025615843231501678,-0.14341238100602716,0.08987308476359579,0.22526050308621492,0.8415135592969947,0.19551660881703303,-0.024615666792671465,-0.03499454213563025,0.10571567080473754,0.032865242190958766,-0.3052835496664489,-0.38401957642322937,-0.11130128660202865,-0.3973452683183052,-0.8218818658870953
Namibia,,,-0.42396003458545495,-0.15381087391594395,0.7759546686375955,-0.3524678855811114,0.18642615364839976,-0.8468039003250271,-0.7425742574257426,-0.5375457875457875,0.10099009900990108,2.3453237410071943,-0.8956989247311828,24.314432989690722,2.2404805538586845,-0.23539022244564534,1.0708415516107825,1.1536629891261212
Nepal,,-0.19859666708432522,0.9934333958724202,-0.2544313725490196,-0.48506206606353885,0.03166496424923393,-0.016039603960396054,0.13121352384785667,-0.3083081302259384,-0.14223251028806583,0.16761619190404797,-0.12326656394453006,-0.3872290568248389,-0.05640535372848954,-0.5785207700101317,-0.28966346153846156,-0.14213197969543145,0.22879684418145962
Nicaragua,,-0.5610185107630454,-0.26588437321121927,-0.12709551656920082,0.026797677534613706,-0.03697259678120923,-0.5311653116531165,-0.5645472061657033,-0.43805309734513276,-0.19947506561679795,0.13442622950819683,0.33670520231213863,0.33513513513513504,-0.059109311740890735,-0.01721170395869187,0.9956217162872154,1.7520842474769638,0.7456951530612246
Niger,,,,,0.34661707403471476,-0.26288307247139286,-0.9294113448601966,61.94919110212336,0.9951973079224341,-0.3767333926393457,1.0022862678614675,0.25935960829470783,1.8683913963292507,0.050701428394121395,-0.17001328278566274,0.16315442154825477,0.8257777288732395,-0.36391664077169505
Nigeria,,,,,,,,,,2.3537066935049866,0.14867717700507455,0.0,0.0,0.0,13.20017888665734,-0.12471927137938976,0.34793181274780016,0.2531376473608915
Oman,,-0.6666666666666667,2.0,0.0,-1.0,,,,1.0,-1.0,,-1.0,,,,,,
Pakistan,,0.518212442139447,-0.14067937298470767,0.16240967436330878,0.012520774737918794,0.00873586439286922,-0.022812260416503638,0.029301096789688508,-0.18757097301081127,0.6043330078311984,0.4356870490932634,0.3906962438328949,-0.1309307837376602,-0.031040542538886662,-0.02344590158116089,-0.26580507288778077,0.5763787479023628,0.10054357212614895
Panama,,-0.10424710424710426,1.418103448275862,1.0053475935828877,0.13222222222222224,-0.28027477919528954,-0.5464957731115353,-0.2297053517739026,-0.41920374707259955,0.045698924731182755,-0.46272493573264784,-0.15311004784688997,1.384180790960452,-0.1646919431279621,0.225531914893617,-0.3680555555555556,0.40842490842490853,-0.15604681404421328
Papua New Guinea,,0.18343165620811885,-0.19829812455018836,-0.04129481966520565,0.25385568713852935,0.020888473999231216,0.010553266564110375,-0.07433626434456775,-0.02878500373756543,-0.07926396059299956,0.20831297101262902,-0.10532589722848995,0.7867594575303354,0.8642032025034123,0.0042429480631727134,0.05905427801210594,0.6068431462756938,-0.00032811073005678537
Paraguay,,-0.6045527506201663,0.02509225092250933,-0.4989200863930886,-0.5014367816091954,-0.4582132564841499,1.1888297872340425,0.6294046172539489,-0.7404921700223714,-0.7385057471264368,-0.8021978021978022,-0.9444444444444444,-1.0,,,,,
Peru,,0.14963188477920397,0.2634574251375026,-0.10912260547981101,0.05851280427110672,-0.06285463929643842,-0.25968369080605247,-0.21760492876395843,-0.12353091718014841,-0.04215893266250392,-0.26026497830929773,-0.20627020858428957,0.2554814489396542,0.5497836874920474,0.339354256039738,-0.051906454974560146,-0.08473288612300978,-0.022181798915634987
Philippines,,-0.04943163187233579,0.06375945036939079,0.3090393190109444,0.0497306001114759,-0.0886529006882989,-0.2360062146648828,0.023443016523089888,-0.3471781426797296,-0.18342845064468405,-0.03913853799958589,-0.4853448275862069,-0.2532453936348409,-0.08677975606336741,-0.2473134786613448,0.6859065878033856,-0.19187031212194527,-0.4086826347305389
Republic of Korea,,-0.3889552952426488,-0.2961658841940532,-0.349082823790995,-0.2621690862510675,0.5844907407407407,0.49817384952520083,0.08581179912237924,-0.527615626403233,-0.14638783269961975,0.41091314031180404,-0.601420678768745,-0.21980198019801978,-0.027918781725888353,0.4543080939947781,0.125673249551167,-0.03987240829346095,-0.27574750830564787
Rwanda,,,0.19489106077314156,0.09312132925450767,0.06538009581487847,0.1602776104460264,-0.16099442940525233,-0.33293474130447664,-0.17362537432777791,1.2095262488853473,-0.08597700162434074,-0.6729792740840717,1.3148263413419645,0.9910604587668315,0.6733657587952853,0.5556092206911794,0.3491005246241312,-0.4450272853555971
Sao Tome and Principe,,0.3162157935887413,0.20196740008553915,-0.15676274067923934,0.08978807201800443,-0.6097964978703265,-0.7163018909531949,-0.5295375048581423,1.584882280049566,-0.012144455097475193,-0.5567777418311226,2.081021897810219,0.48661454631603895,-0.26350597609561754,-0.8102347722600887,0.17331812998859752,0.08746355685131202,0.00044682752457547714
Saudi Arabia,,-0.5348062953995157,-0.15029277813923225,-0.3399693721286371,-0.2853828306264501,-0.14042207792207795,0.20679886685552407,-0.6345852895148669,-0.8693790149892934,-0.049180327868852514,-0.5,1.3793103448275863,0.18840579710144922,-0.5853658536585367,-0.11764705882352944,1.7666666666666666,2.2771084337349397,-0.3492647058823529
Senegal,,-0.7126270602104139,0.11648606811145501,0.8623916811091854,-0.17238042062162662,0.49140955293694333,0.44963811821471644,1.4616600790513834,1.044468106682892,-0.31411671337516434,0.9907492783231786,-0.17016870956707064,0.022333366165789403,0.30847020956962035,-0.26664430427039953,0.8305356399119415,-0.2899179893266267,0.1320764433255135
Sierra Leone,,,0.6781504986400726,0.06564019448946512,-0.44081115335868193,1.1795104261106073,0.02579034941763725,0.0,30.31772100567721,3.187570811671706,0.4440575874138848,-0.31601729284346936,1.4063557060321603,0.10709272358035604,-0.19241485395056757,0.07923019390662334,0.19680108077790126,-0.0698865435029229
Solomon Islands,,0.12312978107977157,-0.020354803707528846,0.23074356784456063,-0.02092662669283396,-0.15401397610108858,-0.013784526770519667,-0.13184756494152938,-0.38023668277169587,-0.18583939805106697,0.20307860129689104,-0.3286066895023172,-0.08530592339723153,0.050280933437230946,-0.28134640165566793,0.3039556618126493,1.2681473456121344,-0.036155867061049785
Somalia,,,,-0.5187515891177219,0.5105005943732663,0.09443861490031469,0.3127197187599873,0.014911746804625592,1.2131934032983507,-0.3171115025064355,-0.02575192445044039,-0.863519732822873,9.657117278424352,-0.7495519713261649,0.22998658318425758,0.9046450322697936,0.7003770343148952,-0.013753227798360856
South Africa,,,-0.40960537236852035,-0.13994504441178346,-0.004457983505461005,-0.42122546458690946,0.5600257898130239,-0.4770209952058192,0.23217954796902163,-0.2211390456644433,0.3274044795783926,0.2240694789081885,-0.4294546928846543,0.535796766743649,0.3539618276460381,-0.9525843656557027,6.789189189189189,4.103169095535508
South Sudan,,,,,,,,,,0.0,16.30947299609698,-0.8755680158350208,1.0118099692922944,0.16483487227726723,-0.7281083346030779,-1.0,,
Sri Lanka,,-0.6832873894848099,-0.3774841405850696,-0.7462026997657627,-0.6460513796384395,-0.5591397849462365,-0.6396341463414634,-0.6649746192893401,2.2777777777777777,-0.18181818181818177,0.2881355932203389,-0.8187134502923976,-0.814516129032258,-1.0,,,,
Sudan,,-0.4478710213074233,0.37868505241018036,2.3265621101407947,-0.4236386800347596,0.16828066235482875,0.14769810492077706,-0.04759210962338112,-0.17121943549936813,0.24972246423653077,0.012783535874017149,-0.2966468995513193,0.039709474631318464,0.12421360671511072,0.8037418359405992,-0.4507967199061119,-0.02012858985697663,0.253669904263367
Suriname,,0.40859079306399093,-0.19783790539273882,-0.1445041676404144,-0.23711527954835188,0.08987825256624493,-0.6397984886649875,-0.47065977500760114,0.5560022975301551,-0.12144702842377264,-0.280672268907563,-0.5496495327102804,-0.5382619974059663,1.047752808988764,-0.4499314128943759,-0.7980049875311721,-0.06172839506172845,-0.4736842105263158
Syrian Arab Republic,,9.5,-0.7619047619047619,-0.8666666666666667,-0.5,-1.0,,,,,,,,,,,,
Tajikistan,,-0.4026961812840957,-0.4590322297356635,-0.11883116883116884,-0.3389830508474576,-0.3564659977703456,-0.4179298397574708,-0.5275297619047619,-0.49921259842519683,-0.48427672955974843,-0.323170731707317,-0.4144144144144144,-0.7230769230769231,-0.8333333333333334,-0.33333333333333337,-1.0,,
Thailand,,-0.19135448886852258,-0.29865571086764886,-0.16159802491302888,-0.28550394860125816,0.11584863244660926,0.017191592236921682,0.09520036971017354,-0.13891735487371148,0.031257656900836484,0.10243703753988198,-0.23346674876847295,0.3081495762541673,0.0225060640486352,0.1387003783556544,-0.7884549458083911,0.43630017452006986,-0.007116819996528356
Timor-Leste,,0.0,0.7519721272679463,0.25364901879854407,0.17218880009577675,0.10032172403227446,-0.12059963335112434,0.393629934557737,-0.02940563876318336,-0.07282481467030821,0.012834809687125137,-0.589941209464653,-0.7360048634682608,-0.8033007100364613,-0.6663414634146341,-0.7660818713450293,0.17500000000000004,-0.8297872340425532
Togo,,,,,,,,,0.559685224548867,0.13476695025836416,0.5769002754651988,-0.1582415196215854,0.3425238232746173,0.265361197865134,0.2808392733701257,-0.014442809606007856,0.062246448824743394,0.021777877314042016
Turkey,,-0.0542337298810357,-0.05438401775804658,-0.09800469483568075,-0.42507048362611144,-0.6069407770652584,-0.618042226487524,-0.6067839195979899,-0.4696485623003195,-0.7710843373493976,-1.0,,,,,,,
Turkmenistan,,-0.6666666666666667,1.25,-0.6111111111111112,-0.5714285714285714,-0.6666666666666667,0.0,-1.0,,,,,,,,,,
Uganda,,,,0.43905779140245427,0.09634515031479807,0.2562796348710854,-0.2145339623837509,0.20518839102695652,-0.06321158470907173,0.3288467861672342,0.21502731421607169,-0.8533526018872221,10.481535150707499,-0.43568129009284595,1.4174859321521711,0.9652483150185067,0.31487481475026424,0.24322502869432205
United Arab Emirates,,,,,,,,,,,,,,,,,,
United Republic of Tanzania,,1.1730574038569976,0.10200586449386306,45.54360930583027,0.26599427101093087,0.10456716840194669,-0.30236547904903277,-0.04272113824848467,-0.9975578533596039,-0.9531943212067435,6060.601895734597,0.6815984075033736,-0.0761618794463913,-0.21894406264862565,-0.5615491232490272,5.233248388547445,0.22449287540517626,0.030993622822286238
Uzbekistan,,-0.38888888888888884,-0.038961038961038974,0.0,-0.10810810810810811,0.5454545454545454,-0.28431372549019607,-0.589041095890411,-0.7666666666666666,-1.0,,-1.0,,,,,,
Vanuatu,,0.12987588652482263,0.8751144239571074,0.06283562312574098,-0.03851706036745406,-0.3288746331809186,-0.1809029896278218,-0.3207945375543141,-0.3118259915920307,0.11261620185922983,0.9501074242062544,-0.409964499938793,-0.28734439834024894,-0.3068413391557496,-0.5875682486350273,-0.5692464358452138,3.416075650118203,-0.4266595289079229
Venezuela (Bolivarian Republic of),,-0.3272128060263654,0.4741077676696992,0.07554847241531304,0.4708849585421986,-0.03442289143714505,-0.17729583342582522,0.12646376342345267,-0.23262832642698028,0.11833192870743203,0.2603271184548397,0.014815635034879815,0.15230010474860345,0.4893661344999338,0.1534147985198937,0.503748291220179,0.7639990615973373,0.7105725792039499
Viet Nam,,-0.07558264707465423,-0.30410923011979796,-0.18861254627983348,-0.3578499613302397,-0.21731101208398573,0.16110997127615923,-0.27600830498741,-0.30715723961193486,0.4205195948921181,0.08586484810911355,-0.051555809306308875,0.1821574765229954,-0.12781342295549447,-0.08033629145259225,-0.4076307770441848,-0.5540670882006216,0.09300648882480167
Yemen,,0.0,-0.9458527997590526,-0.3270779255178259,-0.04044399834681467,-0.09447042415292473,0.24575311438278602,0.23049090909090908,-0.3468091079687339,0.25426412704157797,0.9243408000577138,-0.15264721594796482,0.2156619842937728,-0.06487243876696869,-0.15636614839751695,-0.12049776834626957,0.2942865760107003,0.15504402184375032
Zambia,,,,,,,,,,,,,,,,0.026269225100286953,0.15930991781652093,0.13487465986054503
Zimbabwe,,,,,,0.11559741024131842,0.03946396538989139,4.914018881331844,-0.7186014178066908,2.4777357569842624,1.1869979303329008,0.2829267901467245,-0.134314782690234,0.5259547304152541,0.26807655814855913,-0.2692137607266607,-0.28510842561362026,0.12727688329499842
